benchmark,puzzle_index,algorithm,heuristic,found,cost,expanded,generated,max_frontier,max_closed,runtime_s
easy50.txt,0,astar,zero,True,49.0,50,49,1,49,0.00408647700533038
easy50.txt,0,astar,empty,True,49.0,50,49,1,49,0.003864381003950257
easy50.txt,0,sat,,True,,,,,,0.007513652999477927
easy50.txt,1,astar,zero,True,51.0,82,81,3,81,0.007084338001732249
easy50.txt,1,astar,empty,True,51.0,82,81,3,81,0.007275354000739753
easy50.txt,1,sat,,True,,,,,,0.006841570997494273
easy50.txt,2,astar,zero,True,53.0,162,161,9,161,0.01254172700282652
easy50.txt,2,astar,empty,True,53.0,162,161,9,161,0.012962311004230287
easy50.txt,2,sat,,True,,,,,,0.006728918000590056
easy50.txt,3,astar,zero,True,51.0,167,166,8,166,0.013652690999151673
easy50.txt,3,astar,empty,True,51.0,167,166,8,166,0.014092970006458927
easy50.txt,3,sat,,True,,,,,,0.00670566000189865
easy50.txt,4,astar,zero,True,45.0,46,45,1,45,0.0032468460049130954
easy50.txt,4,astar,empty,True,45.0,46,45,1,45,0.0033326109987683594
easy50.txt,4,sat,,True,,,,,,0.006768168001144659
easy50.txt,5,astar,zero,True,57.0,401,400,24,400,0.037955460997181945
easy50.txt,5,astar,empty,True,57.0,401,400,24,400,0.039072361003491096
easy50.txt,5,sat,,True,,,,,,0.006811259998357855
easy50.txt,6,astar,zero,True,55.0,110,109,4,109,0.009969129001547117
easy50.txt,6,astar,empty,True,55.0,110,109,4,109,0.010284042000421323
easy50.txt,6,sat,,True,,,,,,0.006719976998283528
easy50.txt,7,astar,zero,True,45.0,46,45,1,45,0.0031813349996809848
easy50.txt,7,astar,empty,True,45.0,46,45,1,45,0.0033014619984896854
easy50.txt,7,sat,,True,,,,,,0.006764186997315846
easy50.txt,8,astar,zero,True,55.0,941,940,70,940,0.08013142400159268
easy50.txt,8,astar,empty,True,55.0,941,940,70,940,0.08262566199846333
easy50.txt,8,sat,,True,,,,,,0.006900098000187427
easy50.txt,9,astar,zero,True,53.0,336,335,15,335,0.03071600599650992
easy50.txt,9,astar,empty,True,53.0,336,335,15,335,0.03168966100201942
easy50.txt,9,sat,,True,,,,,,0.006748193998646457
easy50.txt,10,astar,zero,True,53.0,417,416,14,416,0.03768901700095739
easy50.txt,10,astar,empty,True,53.0,417,416,14,416,0.03881185399950482
easy50.txt,10,sat,,True,,,,,,0.006748822001100052
easy50.txt,11,astar,zero,True,49.0,50,49,1,49,0.00362859799497528
easy50.txt,11,astar,empty,True,49.0,50,49,1,49,0.0037808519991813228
easy50.txt,11,sat,,True,,,,,,0.006693786999676377
easy50.txt,12,astar,zero,True,54.0,110,109,7,109,0.00835209499928169
easy50.txt,12,astar,empty,True,54.0,110,109,7,109,0.008652203003293835
easy50.txt,12,sat,,True,,,,,,0.006738067000696901
easy50.txt,13,astar,zero,True,54.0,1073,1072,61,1072,0.0977825230002054
easy50.txt,13,astar,empty,True,54.0,1073,1072,61,1072,0.10101288599980762
easy50.txt,13,sat,,True,,,,,,0.00675852999847848
easy50.txt,14,astar,zero,True,55.0,69,68,2,68,0.005267629996524192
easy50.txt,14,astar,empty,True,55.0,69,68,2,68,0.005431198005680926
easy50.txt,14,sat,,True,,,,,,0.006603691996133421
easy50.txt,15,astar,zero,True,45.0,46,45,1,45,0.0031723259962745942
easy50.txt,15,astar,empty,True,45.0,46,45,1,45,0.003290637003374286
easy50.txt,15,sat,,True,,,,,,0.0066736729932017624
easy50.txt,16,astar,zero,True,45.0,46,45,1,45,0.003173722005158197
easy50.txt,16,astar,empty,True,45.0,46,45,1,45,0.0032663320016581565
easy50.txt,16,sat,,True,,,,,,0.006656910001765937
easy50.txt,17,astar,zero,True,52.0,105,104,3,104,0.007806426001479849
easy50.txt,17,astar,empty,True,52.0,105,104,3,104,0.008095360004517715
easy50.txt,17,sat,,True,,,,,,0.006756365000910591
easy50.txt,18,astar,zero,True,49.0,50,49,1,49,0.0035965409988421015
easy50.txt,18,astar,empty,True,49.0,50,49,1,49,0.003715409999131225
easy50.txt,18,sat,,True,,,,,,0.006628903996897861
easy50.txt,19,astar,zero,True,49.0,50,49,1,49,0.0035518420045264065
easy50.txt,19,astar,empty,True,49.0,50,49,1,49,0.00364228699618252
easy50.txt,19,sat,,True,,,,,,0.006785208999644965
easy50.txt,20,astar,zero,True,51.0,76,75,2,75,0.006232066996744834
easy50.txt,20,astar,empty,True,51.0,76,75,2,75,0.006423710998205934
easy50.txt,20,sat,,True,,,,,,0.006728428998030722
easy50.txt,21,astar,zero,True,55.0,243,242,9,242,0.019462288997601718
easy50.txt,21,astar,empty,True,55.0,243,242,9,242,0.020053634005307686
easy50.txt,21,sat,,True,,,,,,0.0067261229996802285
easy50.txt,22,astar,zero,True,53.0,77,76,3,76,0.006071641997550614
easy50.txt,22,astar,empty,True,53.0,77,76,3,76,0.006247781006095465
easy50.txt,22,sat,,True,,,,,,0.006708453998726327
easy50.txt,23,astar,zero,True,55.0,104,103,8,103,0.008425148997048382
easy50.txt,23,astar,empty,True,55.0,104,103,8,103,0.00870109200332081
easy50.txt,23,sat,,True,,,,,,0.00669176100200275
easy50.txt,24,astar,zero,True,53.0,164,163,9,163,0.012837784001021646
easy50.txt,24,astar,empty,True,53.0,164,163,9,163,0.013309492002008483
easy50.txt,24,sat,,True,,,,,,0.006771241001843009
easy50.txt,25,astar,zero,True,57.0,421,420,15,420,0.03781794399401406
easy50.txt,25,astar,empty,True,57.0,421,420,15,420,0.03913151600136189
easy50.txt,25,sat,,True,,,,,,0.006735971001035068
easy50.txt,26,astar,zero,True,54.0,85,84,3,84,0.007504781999159604
easy50.txt,26,astar,empty,True,54.0,85,84,3,84,0.0077989529963815585
easy50.txt,26,sat,,True,,,,,,0.006746797000232618
easy50.txt,27,astar,zero,True,53.0,79,78,4,78,0.006105583997850772
easy50.txt,27,astar,empty,True,53.0,79,78,4,78,0.006268802993872669
easy50.txt,27,sat,,True,,,,,,0.006843736002338119
easy50.txt,28,astar,zero,True,54.0,637,636,34,636,0.05940584799827775
easy50.txt,28,astar,empty,True,54.0,637,636,34,636,0.061459388001821935
easy50.txt,28,sat,,True,,,,,,0.006709430999762844
easy50.txt,29,astar,zero,True,55.0,122,121,10,121,0.011241355001402553
easy50.txt,29,astar,empty,True,55.0,122,121,10,121,0.011644897000223864
easy50.txt,29,sat,,True,,,,,,0.0067154370044590905
easy50.txt,30,astar,zero,True,56.0,625,624,40,624,0.06017752399930032
easy50.txt,30,astar,empty,True,56.0,625,624,40,624,0.06187110200698953
easy50.txt,30,sat,,True,,,,,,0.006736600000294857
easy50.txt,31,astar,zero,True,55.0,284,283,14,283,0.024156312996638007
easy50.txt,31,astar,empty,True,55.0,284,283,14,283,0.024945587996626273
easy50.txt,31,sat,,True,,,,,,0.006681076003587805
easy50.txt,32,astar,zero,True,49.0,65,64,4,64,0.005165941998711787
easy50.txt,32,astar,empty,True,49.0,65,64,4,64,0.00532280500192428
easy50.txt,32,sat,,True,,,,,,0.00669197100069141
easy50.txt,33,astar,zero,True,50.0,51,50,1,50,0.003750679999939166
easy50.txt,33,astar,empty,True,50.0,51,50,1,50,0.003873879999446217
easy50.txt,33,sat,,True,,,,,,0.006732198999088723
easy50.txt,34,astar,zero,True,51.0,58,57,2,57,0.004558742999506649
easy50.txt,34,astar,empty,True,51.0,58,57,2,57,0.0047151170001598075
easy50.txt,34,sat,,True,,,,,,0.00667520899878582
easy50.txt,35,astar,zero,True,49.0,50,49,1,49,0.0036404709971975535
easy50.txt,35,astar,empty,True,49.0,50,49,1,49,0.0037517980017582886
easy50.txt,35,sat,,True,,,,,,0.006768655999621842
easy50.txt,36,astar,zero,True,49.0,104,103,6,103,0.009267433997592889
easy50.txt,36,astar,empty,True,49.0,104,103,6,103,0.0095770400002948
easy50.txt,36,sat,,True,,,,,,0.006682263003312983
easy50.txt,37,astar,zero,True,51.0,52,51,1,51,0.0039292639994528145
easy50.txt,37,astar,empty,True,51.0,52,51,1,51,0.0040832640006556176
easy50.txt,37,sat,,True,,,,,,0.0067078950014547445
easy50.txt,38,astar,zero,True,51.0,61,60,2,60,0.004870163997111376
easy50.txt,38,astar,empty,True,51.0,61,60,2,60,0.0050084489994333126
easy50.txt,38,sat,,True,,,,,,0.006767678998585325
easy50.txt,39,astar,zero,True,49.0,50,49,1,49,0.0036394930066308007
easy50.txt,39,astar,empty,True,49.0,50,49,1,49,0.0037592009975924157
easy50.txt,39,sat,,True,,,,,,0.006698536002659239
easy50.txt,40,astar,zero,True,55.0,941,940,70,940,0.0806074610009091
easy50.txt,40,astar,empty,True,55.0,941,940,70,940,0.0831086139951367
easy50.txt,40,sat,,True,,,,,,0.0067256339971208945
easy50.txt,41,astar,zero,True,55.0,313,312,18,312,0.026568977002170868
easy50.txt,41,astar,empty,True,55.0,313,312,18,312,0.02742927999497624
easy50.txt,41,sat,,True,,,,,,0.006821037000918295
easy50.txt,42,astar,zero,True,55.0,290,289,12,289,0.025036451996129472
easy50.txt,42,astar,empty,True,55.0,290,289,12,289,0.025881879002554342
easy50.txt,42,sat,,True,,,,,,0.0068169869991834275
easy50.txt,43,astar,zero,True,57.0,657,656,41,656,0.0648551350022899
easy50.txt,43,astar,empty,True,57.0,657,656,41,656,0.06698738599516219
easy50.txt,43,sat,,True,,,,,,0.0068069999979343265
easy50.txt,44,astar,zero,True,55.0,230,229,11,229,0.0196435960024246
easy50.txt,44,astar,empty,True,55.0,230,229,11,229,0.020349062004243024
easy50.txt,44,sat,,True,,,,,,0.00678143699769862
easy50.txt,45,astar,zero,True,57.0,700,699,36,699,0.06269180600065738
easy50.txt,45,astar,empty,True,57.0,700,699,36,699,0.06493740900623379
easy50.txt,45,sat,,True,,,,,,0.006732269997883122
easy50.txt,46,astar,zero,True,58.0,1206,1205,87,1205,0.11494843300170032
easy50.txt,46,astar,empty,True,58.0,1206,1205,87,1205,0.1186353480006801
easy50.txt,46,sat,,True,,,,,,0.0068297679972602054
easy50.txt,47,astar,zero,True,56.0,352,351,20,351,0.030784169997787103
easy50.txt,47,astar,empty,True,56.0,352,351,20,351,0.03178855599981034
easy50.txt,47,sat,,True,,,,,,0.006811677994846832
easy50.txt,48,astar,zero,True,59.0,707,706,69,706,0.06459448899840936
easy50.txt,48,astar,empty,True,59.0,707,706,69,706,0.06649975600157632
easy50.txt,48,sat,,True,,,,,,0.006740859003912192
easy50.txt,49,astar,zero,True,56.0,165,164,6,164,0.013496106999809854
easy50.txt,49,astar,empty,True,56.0,165,164,6,164,0.013920741999754682
easy50.txt,49,sat,,True,,,,,,0.006743163998180535
top95.txt,0,astar,zero,True,64.0,2694,2693,143,2693,0.2725485870032571
top95.txt,0,astar,empty,True,64.0,2694,2693,143,2693,0.2789343039985397
top95.txt,0,sat,,True,,,,,,0.006892065997817554
top95.txt,1,astar,zero,True,64.0,1938,1937,130,1937,0.18916389100195374
top95.txt,1,astar,empty,True,64.0,1938,1937,130,1937,0.19543758399959188
top95.txt,1,sat,,True,,,,,,0.006962465995457023
top95.txt,2,astar,zero,True,64.0,2415,2414,138,2414,0.2416771149946726
top95.txt,2,astar,empty,True,64.0,2415,2414,138,2414,0.24848788600502303
top95.txt,2,sat,,True,,,,,,0.007151177000196185
top95.txt,3,astar,zero,True,64.0,121801,121800,12139,121800,11.523319202002313
top95.txt,3,astar,empty,True,64.0,121801,121800,12139,121800,11.851831255000434
top95.txt,3,sat,,True,,,,,,0.0071149290015455335
top95.txt,4,astar,zero,True,64.0,71907,71906,4276,71906,6.702917918999447
top95.txt,4,astar,empty,True,64.0,71907,71906,4276,71906,6.947577206999995
top95.txt,4,sat,,True,,,,,,0.00688571000500815
top95.txt,5,astar,zero,True,64.0,311559,311558,16159,311558,27.15422760799993
top95.txt,5,astar,empty,True,64.0,311559,311558,16159,311558,27.992045519000385
top95.txt,5,sat,,True,,,,,,0.007014147995505482
top95.txt,6,astar,zero,True,64.0,254390,254389,17690,254389,23.59858970699861
top95.txt,6,astar,empty,True,64.0,254390,254389,17690,254389,24.48330443300074
top95.txt,6,sat,,True,,,,,,0.006894788995850831
top95.txt,7,astar,zero,True,64.0,183002,183001,15299,183001,17.074292945995694
top95.txt,7,astar,empty,True,64.0,183002,183001,15299,183001,17.59358508999867
top95.txt,7,sat,,True,,,,,,0.007066249003401026
top95.txt,8,astar,zero,True,64.0,184324,184323,13115,184323,17.195812273006595
top95.txt,8,astar,empty,True,64.0,184324,184323,13115,184323,17.594643158998224
top95.txt,8,sat,,True,,,,,,0.007161093002650887
top95.txt,9,astar,zero,True,64.0,135907,135906,10770,135906,12.748923045000993
top95.txt,9,astar,empty,True,64.0,135907,135906,10770,135906,13.216584005000186
top95.txt,9,sat,,True,,,,,,0.0072271619937964715
top95.txt,10,astar,zero,True,64.0,111560,111559,11367,111559,10.465713209006935
top95.txt,10,astar,empty,True,64.0,111560,111559,11367,111559,10.768752449999738
top95.txt,10,sat,,True,,,,,,0.007037474002572708
top95.txt,11,astar,zero,True,56.0,6156,6155,488,6155,0.5124494100018637
top95.txt,11,astar,empty,True,56.0,6156,6155,488,6155,0.5299580279970542
top95.txt,11,sat,,True,,,,,,0.006933060998562723
top95.txt,12,astar,zero,True,60.0,7682,7681,566,7681,0.6786620670027332
top95.txt,12,astar,empty,True,60.0,7682,7681,566,7681,0.729496439002105
top95.txt,12,sat,,True,,,,,,0.006939206999959424
top95.txt,13,astar,zero,True,64.0,28800,28799,2277,28799,2.5363653789972886
top95.txt,13,astar,empty,True,64.0,28800,28799,2277,28799,2.629751728003612
top95.txt,13,sat,,True,,,,,,0.007027138002740685
top95.txt,14,astar,zero,True,64.0,6791,6790,393,6790,0.610592850993271
top95.txt,14,astar,empty,True,64.0,6791,6790,393,6790,0.6307849059958244
top95.txt,14,sat,,True,,,,,,0.0068887820016243495
top95.txt,15,astar,zero,True,64.0,134803,134802,15459,134802,12.66346348499792
top95.txt,15,astar,empty,True,64.0,134803,134802,15459,134802,13.53583478499786
top95.txt,15,sat,,True,,,,,,0.007352456996159162
top95.txt,16,astar,zero,True,59.0,1416,1415,86,1415,0.12585291899449658
top95.txt,16,astar,empty,True,59.0,1416,1415,86,1415,0.12999827100429684
top95.txt,16,sat,,True,,,,,,0.0071559249990968965
top95.txt,17,astar,zero,True,64.0,389049,389048,34167,389048,35.621481232003134
top95.txt,17,astar,empty,True,64.0,389049,389048,34167,389048,36.26599336200161
top95.txt,17,sat,,True,,,,,,0.007097049005096778
top95.txt,18,astar,zero,True,58.0,1043,1042,85,1042,0.0919238749993383
top95.txt,18,astar,empty,True,58.0,1043,1042,85,1042,0.09551510700111976
top95.txt,18,sat,,True,,,,,,0.006970844995521475
top95.txt,19,astar,zero,True,56.0,3375,3374,161,3374,0.2785400569991907
top95.txt,19,astar,empty,True,56.0,3375,3374,161,3374,0.2891346800024621
top95.txt,19,sat,,True,,,,,,0.00693334099923959
top95.txt,20,astar,zero,True,64.0,144877,144876,10797,144876,14.042267650002032
top95.txt,20,astar,empty,True,64.0,144877,144876,10797,144876,14.472272961000272
top95.txt,20,sat,,True,,,,,,0.00707288300327491
top95.txt,21,astar,zero,True,57.0,2267,2266,157,2266,0.20522821699705673
top95.txt,21,astar,empty,True,57.0,2267,2266,157,2266,0.212547569994058
top95.txt,21,sat,,True,,,,,,0.006912318000104278
top95.txt,22,astar,zero,True,64.0,4917,4916,324,4916,0.4911977629963076
top95.txt,22,astar,empty,True,64.0,4917,4916,324,4916,0.5036820079985773
top95.txt,22,sat,,True,,,,,,0.0068530930002452806
top95.txt,23,astar,zero,True,58.0,7512,7511,362,7511,0.6822147729981225
top95.txt,23,astar,empty,True,58.0,7512,7511,362,7511,0.7114726979998522
top95.txt,23,sat,,True,,,,,,0.0067870929997297935
top95.txt,24,astar,zero,True,58.0,6147,6146,318,6146,0.5002557400002843
top95.txt,24,astar,empty,True,58.0,6147,6146,318,6146,0.5197366720021819
top95.txt,24,sat,,True,,,,,,0.006804623000789434
top95.txt,25,astar,zero,True,64.0,12480,12479,809,12479,0.9988719600005425
top95.txt,25,astar,empty,True,64.0,12480,12479,809,12479,1.0351802770019276
top95.txt,25,sat,,True,,,,,,0.0068419180024648085
top95.txt,26,astar,zero,True,64.0,21296,21295,2025,21295,1.9510048930023913
top95.txt,26,astar,empty,True,64.0,21296,21295,2025,21295,2.0148733649984933
top95.txt,26,sat,,True,,,,,,0.0068325599931995384
top95.txt,27,astar,zero,True,64.0,414425,414424,36400,414424,37.658445097004005
top95.txt,27,astar,empty,True,64.0,414425,414424,36400,414424,38.999571441003354
top95.txt,27,sat,,True,,,,,,0.007013727001321968
top95.txt,28,astar,zero,True,59.0,950,949,56,949,0.09123223400092684
top95.txt,28,astar,empty,True,59.0,950,949,56,949,0.09325469300529221
top95.txt,28,sat,,True,,,,,,0.006802597003115807
top95.txt,29,astar,zero,True,64.0,25361,25360,2205,25360,2.370213749993127
top95.txt,29,astar,empty,True,64.0,25361,25360,2205,25360,2.4599526380043244
top95.txt,29,sat,,True,,,,,,0.007011353001871612
top95.txt,30,astar,zero,True,60.0,3333,3332,170,3332,0.2885553349988186
top95.txt,30,astar,empty,True,60.0,3333,3332,170,3332,0.2973630010019406
top95.txt,30,sat,,True,,,,,,0.006950171999051236
top95.txt,31,astar,zero,True,57.0,1308,1307,63,1307,0.11594712999794865
top95.txt,31,astar,empty,True,57.0,1308,1307,63,1307,0.11956629800260998
top95.txt,31,sat,,True,,,,,,0.006916648002516013
top95.txt,32,astar,zero,True,57.0,1467,1466,86,1466,0.12501439599873265
top95.txt,32,astar,empty,True,57.0,1467,1466,86,1466,0.12910527100029867
top95.txt,32,sat,,True,,,,,,0.006938020000234246
top95.txt,33,astar,zero,True,64.0,196060,196059,11638,196059,18.179728759998397
top95.txt,33,astar,empty,True,64.0,196060,196059,11638,196059,18.759689530998003
top95.txt,33,sat,,True,,,,,,0.007068553000863176
top95.txt,34,astar,zero,True,59.0,8957,8956,772,8956,0.8400242339994293
top95.txt,34,astar,empty,True,59.0,8957,8956,772,8956,0.866026581999904
top95.txt,34,sat,,True,,,,,,0.006962883002415765
top95.txt,35,astar,zero,True,64.0,2843,2842,229,2842,0.28782737599976826
top95.txt,35,astar,empty,True,64.0,2843,2842,229,2842,0.2970536710054148
top95.txt,35,sat,,True,,,,,,0.006786115001887083
top95.txt,36,astar,zero,True,64.0,8571,8570,548,8570,0.7765879400030826
top95.txt,36,astar,empty,True,64.0,8571,8570,548,8570,0.803218298999127
top95.txt,36,sat,,True,,,,,,0.006831161997979507
top95.txt,37,astar,zero,True,60.0,4770,4769,310,4769,0.3997063269998762
top95.txt,37,astar,empty,True,60.0,4770,4769,310,4769,0.41505405899806647
top95.txt,37,sat,,True,,,,,,0.006977898003242444
top95.txt,38,astar,zero,True,59.0,11094,11093,809,11093,0.9407906890046434
top95.txt,38,astar,empty,True,59.0,11094,11093,809,11093,0.9734935969972867
top95.txt,38,sat,,True,,,,,,0.006949683003767859
top95.txt,39,astar,zero,True,57.0,1324,1323,49,1323,0.11346574200433679
top95.txt,39,astar,empty,True,57.0,1324,1323,49,1323,0.11748447100399062
top95.txt,39,sat,,True,,,,,,0.006943257001694292
top95.txt,40,astar,zero,True,64.0,243757,243756,15842,243756,22.430923635998624
top95.txt,40,astar,empty,True,64.0,243757,243756,15842,243756,23.159440313997038
top95.txt,40,sat,,True,,,,,,0.006968121000682004
top95.txt,41,astar,zero,True,64.0,23456,23455,2020,23455,2.228759240999352
top95.txt,41,astar,empty,True,64.0,23456,23455,2020,23455,2.277235068999289
top95.txt,41,sat,,True,,,,,,0.006840032998297829
top95.txt,42,astar,zero,True,57.0,8770,8769,692,8769,0.7245611629987252
top95.txt,42,astar,empty,True,57.0,8770,8769,692,8769,0.7535093389960821
top95.txt,42,sat,,True,,,,,,0.007039917996735312
top95.txt,43,astar,zero,True,58.0,4558,4557,259,4557,0.4208420670038322
top95.txt,43,astar,empty,True,58.0,4558,4557,259,4557,0.43516886100405827
top95.txt,43,sat,,True,,,,,,0.0068638480006484315
top95.txt,44,astar,zero,True,58.0,4098,4097,242,4097,0.3737327480048407
top95.txt,44,astar,empty,True,58.0,4098,4097,242,4097,0.38684262899914756
top95.txt,44,sat,,True,,,,,,0.007146844996896107
top95.txt,45,astar,zero,True,64.0,87390,87389,10160,87389,8.128929801001505
top95.txt,45,astar,empty,True,64.0,87390,87389,10160,87389,8.396874286998354
top95.txt,45,sat,,True,,,,,,0.007034469999780413
top95.txt,46,astar,zero,True,60.0,12485,12484,576,12484,1.1346447550022276
top95.txt,46,astar,empty,True,60.0,12485,12484,576,12484,1.1892570369964233
top95.txt,46,sat,,True,,,,,,0.006948076996195596
top95.txt,47,astar,zero,True,59.0,5298,5297,587,5297,0.4768832280024071
top95.txt,47,astar,empty,True,59.0,5298,5297,587,5297,0.49199692100228276
top95.txt,47,sat,,True,,,,,,0.006823829004133586
top95.txt,48,astar,zero,True,64.0,13201,13200,807,13200,1.1824906170004397
top95.txt,48,astar,empty,True,64.0,13201,13200,807,13200,1.2094622189979418
top95.txt,48,sat,,True,,,,,,0.006901353001012467
top95.txt,49,astar,zero,True,64.0,58267,58266,4193,58266,5.299625317995378
top95.txt,49,astar,empty,True,64.0,58267,58266,4193,58266,5.477293500000087
top95.txt,49,sat,,True,,,,,,0.007114298998203594
top95.txt,50,astar,zero,True,57.0,2027,2026,100,2026,0.19104074300412321
top95.txt,50,astar,empty,True,57.0,2027,2026,100,2026,0.19689322100020945
top95.txt,50,sat,,True,,,,,,0.006822780997026712
top95.txt,51,astar,zero,True,59.0,12774,12773,1151,12773,1.1129636829937226
top95.txt,51,astar,empty,True,59.0,12774,12773,1151,12773,1.1554460260013002
top95.txt,51,sat,,True,,,,,,0.0068763490053243
top95.txt,52,astar,zero,True,55.0,4066,4065,234,4065,0.3304644090021611
top95.txt,52,astar,empty,True,55.0,4066,4065,234,4065,0.34136717000365024
top95.txt,52,sat,,True,,,,,,0.006856585001514759
top95.txt,53,astar,zero,True,56.0,2322,2321,124,2321,0.20137059700209647
top95.txt,53,astar,empty,True,56.0,2322,2321,124,2321,0.2080526489953627
top95.txt,53,sat,,True,,,,,,0.006946400004380848
top95.txt,54,astar,zero,True,58.0,6607,6606,352,6606,0.6161598069957108
top95.txt,54,astar,empty,True,58.0,6607,6606,352,6606,0.630472702003317
top95.txt,54,sat,,True,,,,,,0.006840799993369728
top95.txt,55,astar,zero,True,56.0,1239,1238,49,1238,0.11431200399965746
top95.txt,55,astar,empty,True,56.0,1239,1238,49,1238,0.11839282199798618
top95.txt,55,sat,,True,,,,,,0.00698341600218555
top95.txt,56,astar,zero,True,59.0,29386,29385,1645,29385,2.2236534059993573
top95.txt,56,astar,empty,True,59.0,29386,29385,1645,29385,2.33847783300007
top95.txt,56,sat,,True,,,,,,0.006957853998756036
top95.txt,57,astar,zero,True,58.0,5738,5737,306,5737,0.5458914439950604
top95.txt,57,astar,empty,True,58.0,5738,5737,306,5737,0.5665955709991977
top95.txt,57,sat,,True,,,,,,0.006982717000937555
top95.txt,58,astar,zero,True,58.0,2161,2160,92,2160,0.20044450299610617
top95.txt,58,astar,empty,True,58.0,2161,2160,92,2160,0.2075099819994648
top95.txt,58,sat,,True,,,,,,0.006944234999537002
top95.txt,59,astar,zero,True,58.0,6424,6423,312,6423,0.6051402700031758
top95.txt,59,astar,empty,True,58.0,6424,6423,312,6423,0.625398951000534
top95.txt,59,sat,,True,,,,,,0.006991376998485066
top95.txt,60,astar,zero,True,58.0,8565,8564,439,8564,0.7336002730007749
top95.txt,60,astar,empty,True,58.0,8565,8564,439,8564,0.7669406200002413
top95.txt,60,sat,,True,,,,,,0.006827042001532391
top95.txt,61,astar,zero,True,64.0,5994,5993,302,5993,0.5393044459997327
top95.txt,61,astar,empty,True,64.0,5994,5993,302,5993,0.5579556619995856
top95.txt,61,sat,,True,,,,,,0.006960159000300337
top95.txt,62,astar,zero,True,58.0,4126,4125,213,4125,0.3455106359979254
top95.txt,62,astar,empty,True,58.0,4126,4125,213,4125,0.35985677399730776
top95.txt,62,sat,,True,,,,,,0.006903378001879901
top95.txt,63,astar,zero,True,59.0,13151,13150,640,13150,1.2159229349999805
top95.txt,63,astar,empty,True,59.0,13151,13150,640,13150,1.2573580090029282
top95.txt,63,sat,,True,,,,,,0.007006462998106144
top95.txt,64,astar,zero,True,60.0,1466,1465,77,1465,0.1356479149981169
top95.txt,64,astar,empty,True,60.0,1466,1465,77,1465,0.1402111950010294
top95.txt,64,sat,,True,,,,,,0.006976780998229515
top95.txt,65,astar,zero,True,60.0,11141,11140,754,11140,0.9778679979935987
top95.txt,65,astar,empty,True,60.0,11141,11140,754,11140,1.0123272689961595
top95.txt,65,sat,,True,,,,,,0.006845550000434741
top95.txt,66,astar,zero,True,64.0,25227,25226,2199,25226,2.3766973439996946
top95.txt,66,astar,empty,True,64.0,25227,25226,2199,25226,2.4668058270035544
top95.txt,66,sat,,True,,,,,,0.006932642005267553
top95.txt,67,astar,zero,True,64.0,18067,18066,1929,18066,1.6875765190052334
top95.txt,67,astar,empty,True,64.0,18067,18066,1929,18066,1.7382247570058098
top95.txt,67,sat,,True,,,,,,0.006862730995635502
top95.txt,68,astar,zero,True,59.0,5771,5770,287,5770,0.5194151530013187
top95.txt,68,astar,empty,True,59.0,5771,5770,287,5770,0.5375102239995613
top95.txt,68,sat,,True,,,,,,0.006958553000004031
top95.txt,69,astar,zero,True,58.0,8381,8380,400,8380,0.7696237729978748
top95.txt,69,astar,empty,True,58.0,8381,8380,400,8380,0.7877360269994824
top95.txt,69,sat,,True,,,,,,0.006891504999657627
top95.txt,70,astar,zero,True,64.0,130879,130878,9864,130878,12.508151239002473
top95.txt,70,astar,empty,True,64.0,130879,130878,9864,130878,12.999715657002525
top95.txt,70,sat,,True,,,,,,0.007119116999092512
top95.txt,71,astar,zero,True,57.0,2924,2923,164,2923,0.28051199399487814
top95.txt,71,astar,empty,True,57.0,2924,2923,164,2923,0.2899174310005037
top95.txt,71,sat,,True,,,,,,0.006804552998801228
top95.txt,72,astar,zero,True,64.0,20948,20947,1873,20947,2.00007267100591
top95.txt,72,astar,empty,True,64.0,20948,20947,1873,20947,2.071781924001698
top95.txt,72,sat,,True,,,,,,0.006871110999782104
top95.txt,73,astar,zero,True,62.0,14704,14703,963,14703,1.4753437279941863
top95.txt,73,astar,empty,True,62.0,14704,14703,963,14703,1.5236507500012522
top95.txt,73,sat,,True,,,,,,0.007019034994300455
top95.txt,74,astar,zero,True,56.0,6568,6567,363,6567,0.5192778400014504
top95.txt,74,astar,empty,True,56.0,6568,6567,363,6567,0.5382727460018941
top95.txt,74,sat,,True,,,,,,0.006853232000139542
top95.txt,75,astar,zero,True,62.0,12258,12257,797,12257,1.2572473660038668
top95.txt,75,astar,empty,True,62.0,12258,12257,797,12257,1.2982589919993188
top95.txt,75,sat,,True,,,,,,0.007139230998291168
top95.txt,76,astar,zero,True,58.0,4306,4305,293,4305,0.36646807200304465
top95.txt,76,astar,empty,True,58.0,4306,4305,293,4305,0.3782964380006888
top95.txt,76,sat,,True,,,,,,0.006923981003637891
top95.txt,77,astar,zero,True,56.0,7035,7034,339,7034,0.6365624210011447
top95.txt,77,astar,empty,True,56.0,7035,7034,339,7034,0.6583279940023203
top95.txt,77,sat,,True,,,,,,0.00695527000061702
top95.txt,78,astar,zero,True,64.0,25830,25829,2186,25829,2.4181838629956474
top95.txt,78,astar,empty,True,64.0,25830,25829,2186,25829,2.503320283998619
top95.txt,78,sat,,True,,,,,,0.006993891998718027
top95.txt,79,astar,zero,True,60.0,828,827,33,827,0.07009732100414112
top95.txt,79,astar,empty,True,60.0,828,827,33,827,0.07256201400014106
top95.txt,79,sat,,True,,,,,,0.006952755997190252
top95.txt,80,astar,zero,True,57.0,5419,5418,500,5418,0.440295956999762
top95.txt,80,astar,empty,True,57.0,5419,5418,500,5418,0.4567619139997987
top95.txt,80,sat,,True,,,,,,0.006929288996616378
top95.txt,81,astar,zero,True,56.0,3314,3313,186,3313,0.28466188299353234
top95.txt,81,astar,empty,True,56.0,3314,3313,186,3313,0.294818670998211
top95.txt,81,sat,,True,,,,,,0.006915111000125762
top95.txt,82,astar,zero,True,64.0,21924,21923,1229,21923,1.7925093239973648
top95.txt,82,astar,empty,True,64.0,21924,21923,1229,21923,1.868880543996056
top95.txt,82,sat,,True,,,,,,0.006947308000235353
top95.txt,83,astar,zero,True,64.0,2527,2526,156,2526,0.24552025300363312
top95.txt,83,astar,empty,True,64.0,2527,2526,156,2526,0.253625457000453
top95.txt,83,sat,,True,,,,,,0.0068630099995061755
top95.txt,84,astar,zero,True,58.0,1375,1374,94,1374,0.12507759500294924
top95.txt,84,astar,empty,True,58.0,1375,1374,94,1374,0.12915317499573575
top95.txt,84,sat,,True,,,,,,0.006997174998105038
top95.txt,85,astar,zero,True,57.0,2528,2527,114,2527,0.19597697100107325
top95.txt,85,astar,empty,True,57.0,2528,2527,114,2527,0.2034259479987668
top95.txt,85,sat,,True,,,,,,0.006968329995288514
top95.txt,86,astar,zero,True,58.0,9846,9845,663,9845,0.8329334340014611
top95.txt,86,astar,empty,True,58.0,9846,9845,663,9845,0.8617955650042859
top95.txt,86,sat,,True,,,,,,0.0070061840015114285
top95.txt,87,astar,zero,True,57.0,2209,2208,100,2208,0.20448606699937955
top95.txt,87,astar,empty,True,57.0,2209,2208,100,2208,0.2121646120067453
top95.txt,87,sat,,True,,,,,,0.006986558000789955
top95.txt,88,astar,zero,True,58.0,4492,4491,237,4491,0.4207115919998614
top95.txt,88,astar,empty,True,58.0,4492,4491,237,4491,0.436643893001019
top95.txt,88,sat,,True,,,,,,0.006933479002327658
top95.txt,89,astar,zero,True,57.0,3942,3941,220,3941,0.3593144519982161
top95.txt,89,astar,empty,True,57.0,3942,3941,220,3941,0.3718806199976825
top95.txt,89,sat,,True,,,,,,0.006931244999577757
top95.txt,90,astar,zero,True,58.0,998,997,54,997,0.10152695199940354
top95.txt,90,astar,empty,True,58.0,998,997,54,997,0.1050666410010308
top95.txt,90,sat,,True,,,,,,0.006984393003222067
top95.txt,91,astar,zero,True,58.0,2023,2022,106,2022,0.17587829699914437
top95.txt,91,astar,empty,True,58.0,2023,2022,106,2022,0.18152327599818818
top95.txt,91,sat,,True,,,,,,0.006929358001798391
top95.txt,92,astar,zero,True,59.0,1597,1596,77,1596,0.15516976900107693
top95.txt,92,astar,empty,True,59.0,1597,1596,77,1596,0.16492685599951074
top95.txt,92,sat,,True,,,,,,0.006978597004490439
top95.txt,93,astar,zero,True,58.0,1711,1710,116,1710,0.14011292700160993
top95.txt,93,astar,empty,True,58.0,1711,1710,116,1710,0.14524254799471237
top95.txt,93,sat,,True,,,,,,0.006841708003776148
top95.txt,94,astar,zero,True,64.0,7340,7339,283,7339,0.6946612399988226
top95.txt,94,astar,empty,True,64.0,7340,7339,283,7339,0.7142678129966953
top95.txt,94,sat,,True,,,,,,0.006930057003046386
hardest.txt,0,astar,zero,True,59.0,4883,4882,248,4882,0.4439987240039045
hardest.txt,0,astar,empty,True,59.0,4883,4882,248,4882,0.45775707899883855
hardest.txt,0,sat,,True,,,,,,0.006819709000410512
hardest.txt,1,astar,zero,True,58.0,1514,1513,63,1513,0.14058952299819794
hardest.txt,1,astar,empty,True,58.0,1514,1513,63,1513,0.1454302119964268
hardest.txt,1,sat,,True,,,,,,0.006934037999599241
hardest.txt,2,astar,zero,True,55.0,614,613,25,613,0.051499252003850415
hardest.txt,2,astar,empty,True,55.0,614,613,25,613,0.05316531300195493
hardest.txt,2,sat,,True,,,,,,0.0068608449946623296
hardest.txt,3,astar,zero,True,57.0,2195,2194,138,2194,0.20960884399391944
hardest.txt,3,astar,empty,True,57.0,2195,2194,138,2194,0.21648198099865112
hardest.txt,3,sat,,True,,,,,,0.006816915003582835
hardest.txt,4,astar,zero,True,59.0,79,78,3,78,0.006340738000290003
hardest.txt,4,astar,empty,True,59.0,79,78,3,78,0.006506469995656516
hardest.txt,4,sat,,True,,,,,,0.006734782000421546
hardest.txt,5,astar,zero,True,58.0,2232,2231,93,2231,0.1942582499978016
hardest.txt,5,astar,empty,True,58.0,2232,2231,93,2231,0.20037032799882581
hardest.txt,5,sat,,True,,,,,,0.0069974540019757114
hardest.txt,6,astar,zero,True,53.0,186,185,7,185,0.0162053800013382
hardest.txt,6,astar,empty,True,53.0,186,185,7,185,0.016703138004231732
hardest.txt,6,sat,,True,,,,,,0.006766209000488743
hardest.txt,7,astar,zero,True,53.0,267,266,13,266,0.02072193700587377
hardest.txt,7,astar,empty,True,53.0,267,266,13,266,0.02149493899923982
hardest.txt,7,sat,,True,,,,,,0.006769701998564415
hardest.txt,8,astar,zero,True,57.0,227,226,13,226,0.024311982000654098
hardest.txt,8,astar,empty,True,57.0,227,226,13,226,0.024962691000837367
hardest.txt,8,sat,,True,,,,,,0.006855886000266764
hardest.txt,9,astar,zero,True,53.0,612,611,56,611,0.059294291997503024
hardest.txt,9,astar,empty,True,53.0,612,611,56,611,0.06110268900374649
hardest.txt,9,sat,,True,,,,,,0.006954989999940153
hardest.txt,10,astar,zero,True,59.0,1206,1205,39,1205,0.11170245699759107
hardest.txt,10,astar,empty,True,59.0,1206,1205,39,1205,0.11500999399868306
hardest.txt,10,sat,,True,,,,,,0.006886545997986104
